{
  "loss": [
    1.7737598419189453
  ],
  "sparse_categorical_accuracy": [
    0.5340429544448853
  ]
}